{
    "description": "项目配置文件",
    "packOptions": {
        "ignore": []
    },
    "setting": {
        "urlCheck": false,
        "es6": false,
        "enhance": true,
        "postcss": true,
        "preloadBackgroundData": false,
        "minified": true,
        "newFeature": false,
        "coverView": true,
        "nodeModules": false,
        "autoAudits": false,
        "showShadowRootInWxmlPanel": true,
        "scopeDataCheck": false,
        "uglifyFileName": false,
        "checkInvalidKey": true,
        "checkSiteMap": true,
        "uploadWithSourceMap": true,
        "compileHotReLoad": false,
        "lazyloadPlaceholderEnable": false,
        "useMultiFrameRuntime": true,
        "useApiHook": true,
        "useApiHostProcess": true,
        "babelSetting": {
            "ignore": [],
            "disablePlugins": [],
            "outputPath": ""
        },
        "useIsolateContext": true,
        "userConfirmedBundleSwitch": false,
        "packNpmManually": false,
        "packNpmRelationList": [],
        "minifyWXSS": true,
        "disableUseStrict": false,
        "minifyWXML": true,
        "showES6CompileOption": false,
        "useCompilerPlugins": false,
        "ignoreUploadUnusedFiles": true
    },
    "compileType": "miniprogram",
    "libVersion": "2.20.0",
    "appid": "wxed5042a3390ee5ec",
    "projectname": "app",
    "debugOptions": {
        "hidedInDevtools": []
    },
    "isGameTourist": false,
    "simulatorType": "wechat",
    "simulatorPluginLibVersion": {},
    "condition": {
        "search": {
            "list": []
        },
        "conversation": {
            "list": []
        },
        "plugin": {
            "list": []
        },
        "game": {
            "currentL": -1,
            "list": []
        },
        "gamePlugin": {
            "list": []
        },
        "miniprogram": {
            "list": [
                {
                    "id": -1,
                    "name": "支付",
                    "pathName": "qsy_plus/pages/pay/index",
                    "query": ""
                },
                {
                    "id": -1,
                    "name": "keypay",
                    "pathName": "qsy_plus/pages/keypay/keypay",
                    "query": ""
                },
                {
                    "id": -1,
                    "name": "推荐",
                    "pathName": "qsy_plus/pages/video/index",
                    "query": ""
                },
                {
                    "id": -1,
                    "name": "web",
                    "pathName": "qsy_plus/pages/web/index",
                    "query": ""
                },
                {
                    "id": 4,
                    "name": "member",
                    "pathName": "qsy_plus/pages/member/index",
                    "query": "",
                    "scene": null
                },
                {
                    "id": -1,
                    "name": "版本更新",
                    "pathName": "qsy_plus/pages/index/index",
                    "query": "",
                    "scene": null
                },
                {
                    "id": -1,
                    "name": "qsy_plus/pages/index/index",
                    "pathName": "qsy_plus/pages/index/index",
                    "scene": null
                }
            ]
        }
    }
}