{
    "description": "项目配置文件",
    "packOptions": {
        "ignore": [],
        "include": []
    },
    "setting": {
        "urlCheck": true,
        "es6": false,
        "enhance": true,
        "postcss": true,
        "preloadBackgroundData": false,
        "minified": true,
        "newFeature": false,
        "coverView": true,
        "nodeModules": false,
        "autoAudits": false,
        "showShadowRootInWxmlPanel": true,
        "scopeDataCheck": false,
        "uglifyFileName": false,
        "checkInvalidKey": true,
        "checkSiteMap": true,
        "uploadWithSourceMap": true,
        "compileHotReLoad": false,
        "lazyloadPlaceholderEnable": false,
        "useMultiFrameRuntime": true,
        "useApiHook": true,
        "useApiHostProcess": true,
        "babelSetting": {
            "ignore": [],
            "disablePlugins": [],
            "outputPath": ""
        },
        "useIsolateContext": true,
        "userConfirmedBundleSwitch": false,
        "packNpmManually": false,
        "packNpmRelationList": [],
        "minifyWXSS": true,
        "disableUseStrict": false,
        "minifyWXML": true,
        "showES6CompileOption": false,
        "useCompilerPlugins": false,
        "ignoreUploadUnusedFiles": true
    },
    "compileType": "miniprogram",
    "libVersion": "2.20.0",
    "appid": "wxed5042a3390ee5ec",
    "projectname": "%E6%97%B6%E5%85%89%E5%8E%BB%E6%B0%B4%E5%8D%B03X%E6%96%B0%E5%B9%B4%E7%89%B9%E5%88%AB%E7%89%88",
    "simulatorType": "wechat",
    "simulatorPluginLibVersion": {},
    "condition": {
        "miniprogram": {
            "list": [
                {
                    "name": "支付",
                    "pathName": "qsy_plus/pages/pay/index",
                    "query": ""
                },
                {
                    "name": "keypay",
                    "pathName": "qsy_plus/pages/keypay/keypay",
                    "query": ""
                },
                {
                    "name": "推荐",
                    "pathName": "qsy_plus/pages/video/index",
                    "query": ""
                },
                {
                    "name": "web",
                    "pathName": "qsy_plus/pages/web/index",
                    "query": ""
                },
                {
                    "name": "member",
                    "pathName": "qsy_plus/pages/member/index",
                    "query": "",
                    "scene": null
                },
                {
                    "name": "版本更新",
                    "pathName": "qsy_plus/pages/index/index",
                    "query": "",
                    "scene": null
                },
                {
                    "name": "qsy_plus/pages/index/index",
                    "pathName": "qsy_plus/pages/index/index",
                    "query": "",
                    "scene": null
                }
            ]
        }
    },
    "editorSetting": {
        "tabIndent": "insertSpaces",
        "tabSize": 4
    }
}